"DNA","line","tg","sex","age","weight","cage","id","sbp","dbp","trt"
"3","#50-69-1",1,"1",113,26.206471098559,1,"1",125.132044524378,78.5427267337968,"0"
"3","#50-69-2",1,"1",113,33.8792267672355,1,"1",129.577281835983,82.6023365896331,"0"
"3","#50-69-3",1,"1",113,35.4080011853463,1,"1",132.496824815382,81.0627761498782,"0"
"3","#50-69-4",0,"1",113,37.6181022557293,1,"1",125.258910422783,78.0321910273271,"0"
"3","#50-69-11",0,"1",121,33.5175529979617,1,"1",125.192520328739,82.2185394128698,"0"
"3","#50-69-12",0,"1",121,31.6763961136654,1,"1",130.400338539452,77.3117430119761,"0"
"3","#50-69-13",1,"1",121,27.4875311844904,1,"1",126.352855266377,81.5052587585714,"0"
"3","#50-69-15",1,"1",121,32.335373313878,1,"1",124.934156503923,75.5051319916412,"0"
"3","#50-69-16",1,"1",121,35.2384858076083,1,"1",127.495040279494,83.818231046028,"0"
"3","#50-69-17",1,"1",121,24.738524996688,1,"1",124.630825428108,77.6692784703335,"0"
"3","#50-69-18",1,"1",118,24.9543133226405,1,"1",123.155601897601,81.7678141437121,"0"
"3","#50-69-19",0,"1",121,30.3182591320088,1,"1",124.335633718555,79.1073766362666,"0"
"3","#50-69-20",1,"1",121,32.2945889934559,1,"1",129.016857701295,79.2417115047262,"0"
"3","#50-69-21",1,"1",121,32.6468723228594,1,"1",123.921433500637,78.453040908949,"0"
"3","#50-69-22",0,"1",121,25.1516184505403,1,"1",125.260894352742,78.4562313101216,"0"
"3","#50-69-23",0,"1",121,27.5720117765012,1,"1",126.740046801611,76.3989609160904,"0"
"3","#50-69-24",1,"1",121,33.3115297700566,1,"1",125.446039999721,83.7798342552587,"0"
"3","#50-69-25",1,"1",121,25.3517354572895,1,"1",131.425873086689,78.3784041346086,"0"
"3","#50-69-26",1,"1",121,25.1408671841465,1,"1",125.330001985349,85.8875364536179,"0"
"3","#50-69-27",0,"1",121,31.4992620851148,1,"1",129.309822121434,83.0661404976232,"0"
"3","#50-69-28",1,"1",121,29.6684542343997,1,"1",127.600473523818,78.2456233260384,"0"
"3","#50-69-5",0,"0",112,28.5725218342171,1,"1",128.030051593081,78.0436504959533,"0"
"3","#50-69-6",1,"0",112,33.1746834505367,1,"1",127.839513335432,84.9528045866838,"0"
"3","#50-69-7",0,"0",112,28.6199938795142,1,"1",127.812531742031,76.1482097966854,"0"
"3","#50-69-8",0,"0",112,34.7796072359175,1,"1",124.52354827644,80.7547651930739,"0"
"3","#50-69-9",1,"0",112,34.826095079625,1,"1",126.715337999963,82.4634775663957,"0"
"3","#50-69-10",1,"0",112,32.6597570741556,1,"1",125.056153787525,80.34970691928,"0"
"3","#50-69-29",0,"0",121,32.1785930719543,1,"1",128.633306648636,76.9297083809994,"0"
"3","#50-69-30",0,"0",121,31.3973113138471,1,"1",127.537768914423,77.0578694610978,"0"
"3","#50-69-31",1,"0",121,25.9427249126219,1,"1",123.150996096703,79.758169202872,"0"
"3","#50-69-32",0,"0",121,27.2399871350206,1,"1",129.937744647418,81.8994223835794,"0"
"3","#50-69-33",1,"0",121,32.8570798171615,1,"1",127.767624252352,76.9397650254728,"0"
"3","#50-69-34",0,"0",121,28.0563567725122,1,"1",123.252219697675,79.0442096368448,"0"
"3","#50-69-35",1,"0",121,33.0494794982484,1,"1",124.225404454851,84.778333484029,"0"
"3","#50-69-36",1,"0",121,34.3492580912294,1,"1",119.919293980919,83.8681384302876,"0"
"3","#50-69-37",0,"0",121,27.0667376636976,1,"1",123.92334704761,79.3315073385548,"0"
"3","#50-69-38",0,"0",121,34.7291092817368,1,"1",127.447148597262,81.6974836405803,"0"
"1","#4-77-117",1,"1",119,27.8810052675946,1,"2",125.427563204171,81.1246946323699,"0"
"1","#4-77-118",1,"1",119,31.9395886012803,1,"2",124.75087100231,77.1167182200091,"0"
"1","#4-77-119",1,"1",119,34.9605445161048,1,"2",126.240897019607,83.80476768581,"0"
"1","#4-77-120",1,"1",119,31.451667986841,1,"2",126.232901888956,82.1528747548078,"0"
"1","#4-77-121",1,"1",119,32.4845989588213,1,"2",128.635105344626,89.9073021600944,"0"
"1","#4-77-122",1,"1",119,31.3875233707378,1,"2",123.650490581938,80.9589349112601,"0"
"1","#4-77-123",1,"1",119,31.6823527041204,1,"2",128.352673654199,79.0138961212801,"0"
"1","#4-77-124",1,"1",119,36.3790184235928,1,"2",124.416140697409,76.8298075855977,"0"
"1","#4-77-125",1,"1",119,33.4925367487213,1,"2",128.411670997713,71.7749728041912,"0"
"1","#4-77-126",1,"1",119,26.8513744746932,1,"2",126.143608407828,79.8720489913976,"0"
"1","#4-77-183",1,"1",114,34.8422109536809,1,"2",125.53927479386,80.6779966211394,"0"
"1","#4-77-184",1,"1",114,26.551215615762,1,"2",125.78256205323,77.1489815829822,"0"
"1","#4-77-185",1,"1",114,33.0513980994746,1,"2",123.725555058948,78.1995604316946,"0"
"1","#4-77-186",1,"1",114,29.4121725063488,1,"2",126.223084889848,79.8106511938516,"0"
"1","#4-77-187",1,"1",114,27.2783359914042,1,"2",126.927749433211,77.9328495757479,"0"
"1","#4-77-188",1,"1",114,33.1035183712861,1,"2",128.224448859838,71.4974407255835,"0"
"1","#4-77-189",1,"1",114,34.7488997211333,1,"2",127.017518239122,78.1902828655044,"0"
"1","#4-77-190",1,"1",114,27.5288020616718,1,"2",129.499294597921,74.3072359675117,"0"
"1","#4-77-191",1,"1",114,36.1191265593861,1,"2",128.329900507383,83.4406365366002,"0"
"1","#28-79-1",1,"1",115,25.1644130654083,1,"3",125.096726553108,87.7662546661519,"0"
"1","#28-79-2",0,"1",115,28.507660667326,1,"3",127.283988665191,78.6034458326873,"0"
"1","#28-79-3",1,"1",115,28.9063944374309,1,"3",128.656507392771,74.9251494794714,"0"
"1","#28-79-4",0,"1",115,34.4384467040324,1,"3",120.380420010086,84.2189202102867,"0"
"1","#28-79-5",1,"1",115,34.8332849447189,1,"3",122.05043874942,79.3822532699116,"0"
"1","#28-85-6",0,"1",109,26.1849980405958,1,"3",125.404110839394,80.1158937401823,"0"
"1","#28-85-7",1,"1",109,29.86286888387,1,"3",116.992978558556,81.3933123363464,"0"
"1","#28-85-8",1,"1",109,25.9285229490312,1,"3",129.239576162914,78.582304333385,"0"
"1","#28-79-9",1,"1",121,26.2562491597154,1,"3",125.867491676171,78.0923361981814,"0"
"1","#28-79-10",1,"1",121,33.7249367294131,1,"3",128.300942585114,77.6507798740361,"0"
"1","#28-79-11",0,"1",121,27.0243208455385,1,"3",128.821748875901,78.7220799529502,"0"
"1","#28-79-12",0,"1",121,27.0517067827972,1,"3",120.899480801129,80.8402748198897,"0"
"1","#28-79-13",1,"1",121,31.9358608940145,1,"3",129.57478238357,79.0427055763166,"0"
"1","#28-79-14",1,"1",121,35.6715266803704,1,"3",132.299366275757,78.6993600871235,"0"
"1","#28-85-28",1,"1",114,34.7688147515306,1,"3",123.025523926528,84.716627300327,"0"
"1","#28-85-29",0,"1",114,33.9591512171932,1,"3",126.712681552922,78.1162363274452,"0"
"1","#28-85-30",1,"1",114,36.6073055968324,1,"3",126.627588319983,77.227524056639,"0"
"1","#28-85-31",1,"1",114,24.3009084785871,1,"3",126.581698651119,79.9270192197242,"0"
"1","#28-85-32",0,"1",114,25.7754751577428,1,"3",125.861464653603,79.3099525085306,"0"
"1","#28-82-36",1,"1",112,32.7921715732706,1,"3",129.569305594756,78.0579452023182,"0"
"1","#28-82-37",0,"1",112,29.3186813189829,1,"3",128.818837686891,82.9858560914708,"0"
"1","#28-82-38",1,"1",112,33.477932725731,1,"3",119.889088905316,80.85240329184,"0"
"1","#28-82-39",1,"1",112,27.2073442415609,1,"3",123.22664565889,84.6866037518034,"0"
"1","#28-79-42",0,"1",114,24.6847396684634,1,"3",124.296743876956,79.6839343841296,"0"
"1","#28-79-43",1,"1",114,25.2379822919833,1,"3",122.430987905979,82.0798801730744,"0"
"1","#28-79-44",1,"1",114,35.1425828217004,1,"3",123.003228223836,78.002404992498,"0"
"1","#28-79-45",1,"1",114,25.1807795793425,1,"3",124.797174789029,80.0090596056091,"0"
"1","#28-79-46",1,"1",114,33.9989653571459,1,"3",131.437947753713,78.4046316720975,"0"
"1","#28-79-47",0,"1",114,27.5842734063422,1,"3",131.452159877476,78.1996229536631,"0"
"1","#28-79-48",1,"1",114,35.780605222459,1,"3",126.893796334393,82.6657258866371,"0"
"1","#28-79-49",1,"1",114,31.1176565372998,1,"3",126.142919847903,81.783126194499,"0"
"1","#28-79-50",0,"1",114,26.6878484760549,1,"3",126.262692248731,81.8100098066492,"0"
"1","#28-81-51",1,"1",121,26.3998298703588,1,"3",121.875391967343,81.4130886115299,"0"
"1","#28-81-52",1,"1",121,25.1879080215696,1,"3",124.825876242432,80.4269414224031,"0"
"1","#28-81-53",0,"1",121,34.1085417458078,1,"3",127.264141301465,82.6004930991852,"0"
"1","#28-81-54",1,"1",121,34.3071689760174,1,"3",123.091299678584,86.5407179537292,"0"
"1","#28-81-55",1,"1",121,27.917637258636,1,"3",131.153280057911,78.5685883815622,"0"
"1","#28-81-56",0,"1",121,33.6195132864494,1,"3",125.119943622427,78.6919210784172,"0"
"1","#28-81-57",1,"1",121,34.8026415937849,1,"3",126.158371627173,80.6776107187041,"0"
"1","#28-81-58",1,"1",121,29.2438348154061,1,"3",121.366697258138,82.0223168896741,"0"
"1","#28-82-69",1,"1",120,34.6088175524235,1,"3",128.659677309902,83.2838603907769,"0"
"1","#28-82-70",0,"1",120,31.7442363880527,1,"3",121.504456557628,75.380062996287,"0"
"1","#28-82-71",1,"1",120,27.9151632142326,1,"3",128.301823106511,79.4155631426324,"0"
"1","#28-82-72",1,"1",120,33.3950143670223,1,"3",125.370100683926,76.5978954115931,"0"
"1","#28-82-73A",1,"1",113,26.8595992649472,1,"3",130.500763412199,78.900062972715,"0"
"1","#28-82-79",1,"1",120,29.0917879195965,1,"3",121.047459672493,86.4515010091988,"0"
"1","#28-82-80",1,"1",120,27.8193989316973,1,"3",129.928502271754,78.7008750109203,"0"
"1","#28-82-81",0,"1",120,36.8075506641171,1,"3",125.962959428443,78.0718300450072,"0"
"1","#28-82-82",1,"1",120,31.6364684209309,1,"3",124.993996144565,80.5573146843465,"0"
"1","#28-82-83",0,"1",120,37.7829895903382,1,"3",124.870381376845,77.5857595466108,"0"
"1","#28-82-127",1,"1",102,28.8708418657574,1,"3",125.135955151021,74.7940630070222,"0"
"1","#28-82-128",1,"1",102,35.1274652187138,1,"3",127.222081181461,81.9826469735164,"0"
"1","#28-82-129",1,"1",102,31.2881248369196,1,"3",126.127055406964,79.1715511933124,"0"
"1","#28-82-130",0,"1",102,37.2615560341042,1,"3",124.909686697339,85.8030243115824,"0"
"1","#28-82-131",0,"1",102,31.3802247339627,1,"3",134.24484675504,76.5679723095551,"0"
"1","#28-82-132",1,"1",102,26.2379105518546,1,"3",125.434429232837,84.7269831439732,"0"
"1","#28-82-133",0,"1",102,27.7577492567398,1,"3",119.329799177493,72.9877912378774,"0"
"1","#28-82-134",1,"1",102,34.4001584831492,1,"3",121.806790181166,81.9886708264816,"0"
"1","#28-81-135",0,"1",113,26.3798006008348,1,"3",128.262145785622,75.0323282565958,"0"
"1","#28-81-136",0,"1",113,35.3639695542394,1,"3",122.590178990875,84.3513026274701,"0"
"1","#28-81-137",0,"1",113,25.5227801117026,1,"3",119.831509051365,82.0283047442704,"0"
"1","#28-81-138",0,"1",113,36.2531127935691,1,"3",131.442321768511,76.9444398912267,"0"
"1","#28-81-139",1,"1",113,26.6046194867967,1,"3",126.777987169305,77.318169174537,"0"
"1","#28-81-140",0,"1",113,27.5309492671789,1,"3",126.921652908653,75.2052728847402,"0"
"1","#28-81-141",1,"1",113,37.4786699060047,1,"3",131.912000122196,76.4270079187708,"0"
"1","#28-81-142",0,"1",113,35.5954409667328,1,"3",126.94716888549,82.3907554759829,"0"
"1","#28-85-153",1,"1",115,27.9791228060663,1,"3",128.649218241552,77.7443244990987,"0"
"1","#28-85-154",1,"1",115,26.352114993226,1,"3",122.555003281586,82.1595637685843,"0"
"1","#28-85-155",0,"1",115,33.0876185033467,1,"3",119.964421896015,82.1066247549036,"0"
"1","#28-85-156",0,"1",115,35.2030333016774,1,"3",123.725447602755,81.075392254058,"0"
"1","#28-85-157",1,"1",115,34.3222716800128,1,"3",121.908777737668,81.8131212680451,"0"
"1","#28-85-158",0,"1",115,25.8693333260861,1,"3",121.707510146675,81.609409008405,"0"
"1","#28-85-159",0,"1",115,34.6317735877776,1,"3",128.692531737792,78.5538978112336,"0"
"1","#28-85-160",1,"1",115,33.5787681254376,1,"3",126.372161503565,79.7566891962881,"0"
"1","#28-85-161",0,"1",115,28.6322859140442,1,"3",130.239477869507,79.7396908688963,"0"
"1","#28-85-15",0,"0",115,25.8134284924559,1,"3",124.256719910343,80.2917542209361,"0"
"1","#28-85-16",1,"0",115,32.7591050279613,1,"3",118.822175611851,86.1594490225774,"0"
"1","#28-85-17",1,"0",115,25.6207590644868,2,"3",130.515912933826,82.1658164459991,"0"
"1","#28-85-18",0,"0",115,30.013350107862,2,"3",126.843662889514,87.4983213366609,"0"
"1","#28-85-19",0,"0",115,29.2378570733684,2,"3",127.67467283091,77.4204287343613,"0"
"1","#28-79-20",1,"0",115,28.2914036060006,2,"3",130.448955145887,84.7884023970114,"0"
"1","#28-81-21",1,"0",113,37.378018553083,2,"3",124.276792932118,84.3159814054965,"0"
"1","#28-81-22",0,"0",113,26.8074122817897,2,"3",122.729008138752,86.0997827216901,"0"
"1","#28-79-23",0,"0",115,28.8974473232592,2,"3",130.689096698333,82.2384598463902,"0"
"1","#28-79-24",1,"0",115,25.5767217584081,2,"3",128.489050034888,83.1629600578083,"0"
"1","#28-79-25",1,"0",115,26.3500607915035,2,"3",123.038893577187,86.1079796435908,"0"
"1","#28-79-26",0,"0",115,32.3102222877688,2,"3",126.479773784813,83.1966480091231,"0"
"1","#28-79-27",1,"0",115,26.3834179098382,2,"3",122.077558243396,85.7187434364886,"0"
"1","#28-85-33",1,"0",109,30.2381093774274,2,"3",128.716774196429,81.7726516132418,"0"
"1","#28-85-34",1,"0",109,28.4596613725909,2,"3",127.560281751871,84.9918761897314,"0"
"1","#28-85-35",0,"0",109,39.9609804961026,2,"3",126.363401362274,85.8864361854194,"0"
"1","#28-85-40",0,"0",109,33.9372795564068,2,"3",126.293244517594,85.2234334498297,"0"
"1","#28-85-41",1,"0",109,25.6539824827278,2,"3",128.20388336289,89.2960655996551,"0"
"1","#28-82-73",1,"0",120,36.9387750923353,2,"3",122.609810071087,83.9532346843503,"0"
"1","#28-79-74",1,"0",121,27.8301813754402,2,"3",130.143285507557,84.6930873278316,"0"
"1","#28-79-75",1,"0",121,37.2635043036306,2,"3",126.231071500872,82.9141840669091,"0"
"1","#28-79-76",1,"0",121,25.4613269140645,2,"3",130.313206878623,83.8579806464975,"0"
"1","#28-79-77",0,"0",121,25.9748213043121,2,"3",124.961879692185,88.8040683144975,"0"
"1","#28-81-78",0,"0",119,32.8284030581347,2,"3",122.178330872305,83.3593959724733,"0"
"1","#28-82-110",0,"0",102,31.4970806252118,2,"3",124.852005234094,84.1183405384116,"0"
"1","#28-82-111",0,"0",102,28.321565827585,2,"3",126.886792546115,82.7411613466383,"0"
"1","#28-82-112",1,"0",102,32.0150302732242,2,"3",122.860387563954,85.2850289745665,"0"
"1","#28-81-59",0,"0",121,35.6360532915893,2,"3",127.204481811657,80.7681688939112,"0"
"1","#28-81-60",0,"0",121,24.3325378785155,2,"3",124.907406737129,80.9732397578539,"0"
"1","#28-81-61",0,"0",121,35.855747278033,2,"3",127.312554796965,82.0403263077037,"0"
"1","#28-81-62",1,"0",121,28.5170767975388,2,"3",124.446621981881,87.378336429728,"0"
"1","#28-81-63",0,"0",121,29.6243298954592,2,"3",126.902815194539,87.6792810854979,"0"
"1","#28-81-64",1,"0",121,34.075485896407,2,"3",130.478990195004,82.8218928483543,"0"
"1","#28-81-65",0,"0",121,33.4823020377781,2,"3",131.136408275267,85.1012424850734,"0"
"1","#28-81-66",0,"0",121,34.3296787379802,2,"3",126.396314099342,77.3478891125195,"0"
"1","#28-81-67",0,"0",121,34.6711863096638,2,"3",123.654869393511,94.5665714833508,"0"
"1","#28-81-68",0,"0",121,25.2282046741416,2,"3",122.840740536379,83.31338209718,"0"
"1","#28-82-84",0,"0",120,36.0748355288192,2,"3",128.113426529037,82.8297840560885,"0"
"1","#28-82-85",1,"0",120,32.1684713316461,2,"3",118.792415879778,89.8118440525983,"0"
"1","#28-82-86",1,"0",120,27.3355380086348,2,"3",130.095978926189,82.6381429341792,"0"
"1","#28-82-87",1,"0",120,33.4666212109754,2,"3",127.5025880459,85.4084836120331,"0"
"1","#28-82-88",1,"0",120,28.4081744548175,2,"3",132.588463150597,84.6321059977706,"0"
"1","#28-82-89",0,"0",120,25.1291429308276,2,"3",128.079345260124,84.87991679047,"0"
"1","#28-82-90",1,"0",120,23.5793311927362,2,"3",132.165238841356,85.2068783187522,"0"
"1","#28-82-91",0,"0",120,25.1193485302103,2,"3",124.23830572615,88.0072861102773,"0"
"1","#28-82-92",1,"0",120,28.2794166849002,2,"3",125.288653103612,86.906151847526,"0"
"1","#28-85-104",1,"0",115,33.5581154509035,2,"3",129.202742270126,86.5973312803418,"0"
"1","#28-85-105",1,"0",115,31.7015022151165,2,"3",133.094649680863,79.6805865504243,"0"
"1","#28-85-106",0,"0",115,27.2640514497833,2,"3",129.758501228267,84.0965766971961,"0"
"1","#28-85-107",0,"0",115,35.3066334444033,2,"3",123.998015085021,89.3928054187544,"0"
"1","#28-85-108",1,"0",115,27.7603249847971,2,"3",126.874972408582,85.1078117042843,"0"
"1","#28-85-109",1,"0",115,32.1165674367562,2,"3",128.50869412795,81.5427113017207,"0"
"1","#28-85-113",1,"0",115,28.2424439600305,2,"3",122.733625274117,88.8637953560133,"0"
"1","#28-85-114",0,"0",115,38.2984642326838,2,"3",128.941052947471,83.1298342769498,"0"
"1","#28-85-115",1,"0",115,26.9219823893116,2,"3",132.872249539872,80.2350616142278,"0"
"1","#28-85-116",0,"0",115,32.2758810130823,2,"3",125.060081718752,78.7534601467933,"0"
"1","#28-81-143",0,"0",113,25.3717456419625,2,"3",127.679981710883,78.3958295207443,"0"
"1","#28-81-144",0,"0",113,35.2115663800398,2,"3",130.540515486051,87.5934024709669,"0"
"1","#28-81-145",1,"0",113,26.2277840639125,2,"3",128.972848784219,83.860825091043,"0"
"1","#28-81-146",0,"0",113,26.3940489255718,2,"3",127.291405826115,81.3168814144975,"0"
"1","#28-81-147",1,"0",113,32.2965744225744,2,"3",129.483601083348,78.8567159482498,"0"
"1","#28-81-148",1,"0",113,33.9078917005047,2,"3",126.395042261601,80.3863057929985,"0"
"1","#28-81-149",0,"0",113,30.2926539839822,2,"3",124.398473000723,81.1336036125783,"0"
"1","#28-81-150",0,"0",113,29.3383861415719,2,"3",118.777901401998,84.4266918650329,"0"
"1","#28-81-151",0,"0",113,25.9180732739341,2,"3",123.916866446497,79.4248924264243,"0"
"1","#28-81-152",1,"0",113,32.4606312386953,2,"3",129.658630343481,83.1466600335254,"0"
"1","#28-79-163",0,"0",115,24.3905028536146,2,"3",122.955924706748,82.942929428999,"0"
"1","#28-79-164",1,"0",115,32.7729073817604,2,"3",127.829343466117,83.5853590950216,"0"
"1","#28-79-165",0,"0",115,34.5778709738634,2,"3",122.799473446024,81.5829203718582,"0"
"1","#28-79-166",0,"0",115,33.1482114801991,2,"3",122.837627262062,88.6878240116341,"0"
"1","#28-79-167",1,"0",115,24.412976936745,2,"3",127.027529786766,80.6579104781657,"0"
"1","#28-79-168",1,"0",115,32.7088880703885,2,"3",122.861350248084,88.2692933683665,"0"
"1","#28-79-169",0,"0",115,26.3620607440238,2,"3",130.438712258208,80.5835599778181,"0"
"1","#28-79-170",0,"0",115,27.4932069994777,2,"3",120.775252789436,81.6039574091078,"0"
"1","#28-79-171",1,"0",115,30.0633654289879,2,"3",127.106289135246,83.7991918072921,"0"
"1","#28-79-172",1,"0",115,34.3459034249849,2,"3",130.333812479389,86.315203493944,"0"
"1","#28-82-193",1,"0",113,24.8407228370262,2,"3",121.202719720811,87.4328414495089,"0"
"1","#28-82-194",0,"0",113,31.2318951491164,2,"3",127.957053775399,80.4260032308631,"0"
"1","#28-82-195",0,"0",113,26.4911121500983,2,"3",127.685213957131,88.6479491465739,"0"
"1","#28-82-196",0,"0",113,33.8092832378492,2,"3",125.158351572969,84.83206713379,"0"
"1","#28-82-197",1,"0",113,26.889798994837,2,"3",128.256082783085,84.7238595392528,"0"
"1","#28-82-198",0,"0",113,35.6906565695607,2,"3",134.5797980253,81.8956720126643,"0"
"1","#28-82-199",0,"0",113,32.413718452353,2,"3",129.833428774427,83.7431944369505,"0"
"2","#12-14-1",1,"1",170,32.6714678014838,2,"4",127.858404926199,83.4326800625644,"0"
"2","#12-14-2",1,"1",170,26.7833801458525,2,"4",123.916084585431,88.3972311706006,"0"
"2","#12-14-3",1,"1",170,32.8792441383092,2,"4",126.571190853592,82.0672996789978,"0"
"2","#12-14-4",0,"1",170,37.0055478464955,2,"4",123.689902813355,84.4435675643809,"0"
"2","#12-14-5",1,"1",170,34.5002439843829,2,"4",127.847407464502,84.0863454883881,"0"
"2","#12-14-6",1,"1",170,34.97898170391,2,"4",130.073600906687,84.5853007019435,"0"
"2","#12-14-17",0,"1",182,23.6251932135651,2,"4",126.201488492595,88.558651435317,"0"
"2","#12-14-18",0,"1",182,34.3469656253655,2,"4",122.562896489699,82.6004841828775,"0"
"2","#12-14-19",0,"1",182,28.3810632554517,2,"4",124.125290704453,86.7013165853926,"0"
"2","#12-14-20",0,"1",182,34.9464463673745,2,"4",128.559504514033,81.0635959830695,"0"
"2","#12-14-21",1,"1",182,26.6192620733887,2,"4",124.156509182336,86.5603935744959,"0"
"2","#12-14-22",0,"1",182,33.63851115439,2,"4",131.707848942731,82.5827799996617,"0"
"2","#12-14-23",1,"1",182,35.2433926677976,2,"4",126.392457427504,80.7390557441357,"0"
"2","#12-14-24",0,"1",182,28.8351436683566,2,"4",124.598953508122,80.9875695890629,"0"
"2","#12-14-25",1,"1",182,26.2708389933602,2,"4",126.933668901196,85.9058680128878,"0"
"2","#12-14-26",1,"1",182,35.4632844238332,2,"4",129.372627950693,83.67738064496,"0"
"2","#12-14-27",1,"1",182,28.8067069834731,2,"4",130.538244646192,83.8010674043909,"0"
"2","#12-14-28",1,"1",182,24.4980462284853,2,"4",129.829806878139,79.0688266827909,"0"
"2","#12-14-29",0,"1",182,34.1022324918202,2,"4",129.045061713622,79.7151718983925,"0"
"2","#12-14-30",0,"1",182,26.4996972930673,2,"4",129.950039262699,80.4344236688378,"0"
"2","#12-14-46",0,"1",182,28.0719516658325,2,"4",132.867427832785,81.8822295565887,"0"
"2","#12-14-47",1,"1",182,32.9324603273273,2,"4",124.148296955445,83.7007263152331,"0"
"2","#12-14-48",1,"1",140,35.3641545077219,2,"4",135.295590702422,78.3682376492462,"0"
"2","#12-14-49",0,"1",140,34.0900183008236,2,"4",125.094927937298,85.6749748103962,"0"
"2","#12-14-50",1,"1",140,32.5863554524173,2,"4",126.873419469066,81.1835745220349,"0"
"2","#12-14-51",1,"1",140,33.6654530488276,2,"4",130.087247817266,81.3469119342197,"0"
"2","#12-14-52",1,"1",140,28.3808061674762,2,"4",125.000893492232,86.3740230974805,"0"
"2","#12-14-53",1,"1",140,34.7793580915939,2,"4",128.196366571351,84.3457550908571,"0"
"2","#12-14-59",0,"1",144,25.8225719113399,2,"4",126.893432120142,82.6949950882647,"0"
"2","#12-14-63",1,"1",143,29.0485672965707,2,"4",131.199335236884,81.232070488736,"0"
"2","#12-14-64",0,"1",143,32.8786989827973,2,"4",125.97446308801,84.069443584159,"0"
"2","#12-14-65",1,"1",143,32.6049250006417,2,"4",131.796328540609,76.1005996402795,"0"
"2","#12-14-66",0,"1",143,33.0410128454781,2,"4",131.076224512259,81.6981163748997,"0"
"2","#12-14-67",1,"1",143,29.2045573819003,2,"4",129.076239111729,84.1675714633126,"0"
"2","#12-14-68",0,"1",143,27.0843658581226,2,"4",124.717385592821,87.0484230821203,"0"
"2","#12-14-69",1,"1",143,27.8138930233835,2,"4",124.525944337633,91.5234656375201,"0"
"2","#12-14-70",1,"1",143,37.4345850404737,2,"4",126.64982374981,83.0536333375323,"0"
"2","#12-14-71",1,"1",143,27.0057748305613,2,"4",126.972307202456,87.873422178992,"0"
"2","#12-14-72",0,"1",143,32.9569562087395,2,"4",124.499435647678,87.429266614684,"0"
"2","#12-9-2",0,"1",168,33.6125202623706,2,"4",123.464864438588,91.5260548508209,"0"
"2","#12-9-3",0,"1",168,28.9290747977822,2,"4",126.13221696357,84.463759271079,"0"
"2","#12-9-4",1,"1",169,35.4016760665643,2,"4",130.416306345672,86.2729396759027,"0"
"2","#12-9-5",0,"1",169,34.2573917686351,2,"4",125.423027219907,86.4954725836326,"0"
"2","#12-9-6",1,"1",169,28.4688066218694,2,"4",129.45781978598,82.3214355028373,"0"
"2","#12-9-7",1,"1",185,31.5457490120645,2,"4",127.196139312107,85.7600870103658,"0"
"2","#12-9-9",0,"1",185,24.8512478377288,2,"4",126.445623967007,84.8699235742165,"0"
"2","#12-9-10",0,"1",185,33.7043519173177,2,"4",129.5259437462,77.9367405159977,"0"
"2","#12-9-11",1,"1",185,25.3778078136628,2,"4",121.860521861759,82.8701442817385,"0"
"2","#12-9-12",0,"1",185,33.1417578608481,2,"4",128.801714597217,85.3654357938321,"0"
"2","#12-9-13",0,"1",185,26.4247620728544,2,"4",124.996422253643,88.7574485607603,"0"
"2","#12-9-14",0,"1",185,33.8282060389508,2,"4",126.613165682244,83.1019505898008,"0"
"2","#12-9-21",1,"1",183,25.7364545064919,2,"4",124.408988179404,85.4892451691928,"0"
"2","#12-9-22",0,"1",183,35.3815110137663,3,"4",132.237352972955,85.4283505491486,"1"
"2","#12-9-23",0,"1",183,30.3966686099993,3,"4",133.356499750133,89.6352052619719,"1"
"2","#12-9-24",0,"1",183,35.4080011853463,3,"4",133.692982135904,85.3514262779105,"1"
"2","#12-9-25",0,"1",183,37.6181022557293,3,"4",132.445557398121,89.0340068552333,"1"
"2","#12-9-26",0,"1",183,33.5175529979617,3,"4",138.95021899708,79.5455896681208,"1"
"2","#12-9-27",0,"1",183,26.8873902447334,3,"4",136.682446099551,90.282315130507,"1"
"2","#12-9-28",1,"1",183,34.6916829643462,3,"4",131.324393392796,89.9476702965786,"1"
"2","#12-9-30",1,"1",183,24.0173967350169,3,"4",131.275343165435,89.9565370514289,"1"
"2","#12-9-42",0,"1",166,27.3892028521725,3,"4",128.585619429771,86.5240277540545,"1"
"2","#12-9-44",1,"1",166,36.5420224049442,3,"4",129.688381120834,88.4835235945467,"1"
"2","#12-9-47",1,"1",166,34.1837991946785,3,"4",130.701917817278,86.0975313873948,"1"
"2","#12-9-48",0,"1",166,27.5774428175172,3,"4",125.591862107827,88.6373587400583,"1"
"2","#12-9-49",1,"1",166,26.361752594744,3,"4",125.747458010937,90.2509326911032,"1"
"2","#12-9-50",1,"1",166,25.019328645043,3,"4",137.477044051276,87.5346067999799,"1"
"2","#12-9-61",1,"1",156,33.7078618681521,3,"4",131.801948393213,91.0187108291024,"1"
"2","#12-9-62",0,"1",156,31.4920885307496,3,"4",131.659484835836,89.7700666089921,"1"
"2","#12-9-63",0,"1",156,33.3115297700566,3,"4",135.545038789536,83.0304784795662,"1"
"2","#12-9-82",0,"1",143,30.324092589083,3,"4",134.022248922412,87.7503873851509,"1"
"2","#12-9-83",0,"1",143,33.8455843432791,3,"4",125.762403030525,86.1835598822501,"1"
"2","#12-9-84",1,"1",143,29.460780028649,3,"4",132.752417659399,87.272972289463,"1"
"2","#12-9-85",0,"1",143,29.6684542343997,3,"4",128.409777914909,87.811022457827,"1"
"2","#12-9-87",1,"1",143,28.5725218342171,3,"4",139.694986239561,82.7730849309341,"1"
"2","#12-9-88",1,"1",143,33.1746834505367,3,"4",131.351039417484,88.5805613010784,"1"
"2","#12-9-89",1,"1",143,28.6199938795142,3,"4",127.013002977775,92.4309317027589,"1"
"2","#12-14-7",0,"0",170,25.1150100055325,3,"4",130.81774055034,85.7591512666285,"1"
"2","#12-14-8",1,"0",170,26.272289859762,3,"4",128.580690963703,92.1910288181589,"1"
"2","#12-14-9",0,"0",170,32.6597570741556,3,"4",134.641621249759,86.4116273839751,"1"
"2","#12-14-10",0,"0",170,32.1785930719543,3,"4",133.575044202272,87.9135012477601,"1"
"2","#12-14-11",1,"0",170,31.3973113138471,3,"4",128.348246732598,92.6223820622442,"1"
"2","#12-14-12",0,"0",170,25.9427249126219,3,"4",129.09785422179,89.2756239881639,"1"
"2","#12-14-13",1,"0",170,27.2399871350206,3,"4",127.79959547544,87.5478070450368,"1"
"2","#12-14-14",0,"0",170,32.8570798171615,3,"4",137.326501728539,79.4460554460185,"1"
"2","#12-14-15",0,"0",170,28.0563567725122,3,"4",134.901921353078,88.857648082513,"1"
"2","#12-14-16",1,"0",170,25.6711339557821,3,"4",134.200724586084,82.7829143509069,"1"
"2","#12-14-31",1,"0",182,34.3492580912294,3,"4",130.533844377269,82.708757236117,"1"
"2","#12-14-32",0,"0",182,33.8771836268409,3,"4",132.720581385955,85.5276648842723,"1"
"2","#12-14-33",1,"0",182,28.4446305306377,3,"4",129.844825262072,83.8409163368825,"1"
"2","#12-14-34",0,"0",182,27.8810052675946,3,"4",132.528037028075,83.5313035402933,"1"
"2","#12-14-35",1,"0",182,26.4352792573637,3,"4",134.94687368942,85.9713488406293,"1"
"2","#12-14-36",0,"0",182,34.9605445161048,3,"4",133.580710470482,84.2740356910756,"1"
"2","#12-14-37",1,"0",182,26.5927111636274,3,"4",132.047907874624,84.162580922664,"1"
"2","#12-14-38",0,"0",182,25.9147571060925,3,"4",131.282384918279,85.2193626303382,"1"
"2","#12-14-39",1,"0",182,26.6392569595612,3,"4",130.381917024589,89.250846689392,"1"
"2","#12-14-40",1,"0",182,31.6823527041204,3,"4",135.524459929509,93.8695282639843,"1"
"2","#12-14-41",1,"0",182,29.4812826805024,3,"4",124.345448310767,92.5161868163485,"1"
"2","#12-14-42",0,"0",182,25.7023932976842,3,"4",128.287393529411,87.2877009424224,"1"
"2","#12-14-43",0,"0",182,26.8513744746932,3,"4",135.170996147984,88.2562261374258,"1"
"2","#12-14-44",1,"0",182,34.8422109536809,3,"4",133.863667792112,87.2831130694337,"1"
"2","#12-14-45",1,"0",182,26.551215615762,3,"4",134.925699624969,86.8994694472627,"1"
"2","#12-14-54",1,"0",143,33.0513980994746,3,"4",127.977021440606,89.7666866643315,"1"
"2","#12-14-56",0,"0",143,36.0651959622902,3,"4",137.372092213949,83.6854950741913,"1"
"2","#12-14-57",0,"0",143,33.0231482517494,3,"4",134.225643690266,89.1074426038681,"1"
"2","#12-14-58",0,"0",143,26.054300880987,3,"4",133.787259964744,85.2525429482433,"1"
"2","#12-14-62",0,"0",143,27.6045055813007,3,"4",134.45350498058,89.6572933134721,"1"
"2","#12-14-73",1,"0",143,31.3256748864993,3,"4",131.075426238599,87.0384145753134,"1"
"2","#12-14-74",1,"0",143,36.1191265593861,3,"4",130.521487559022,88.270185725399,"1"
"2","#12-14-75",0,"0",143,25.1644130654083,3,"4",130.903184284016,90.561789815069,"1"
"2","#12-14-76",0,"0",143,28.507660667326,3,"4",130.950171562335,92.3370960691761,"1"
"2","#12-14-77",0,"0",143,28.9063944374309,3,"4",132.123801737958,82.7144472326863,"1"
"2","#12-14-78",0,"0",143,27.9588295906997,3,"4",127.552458484187,93.233834704288,"1"
"2","#12-14-79",1,"0",143,34.8332849447189,3,"4",131.67734209916,86.5370933704388,"1"
"2","#12-14-80",1,"0",143,26.1849980405958,3,"4",128.229873299633,86.193774544725,"1"
"2","#12-14-81",0,"0",143,31.2169040509608,3,"4",132.129163803429,87.8470040897965,"1"
"2","#12-14-82",1,"0",143,25.9285229490312,3,"4",130.033035201224,86.7918641136467,"1"
"2","#12-9-15",0,"0",185,33.5011224427841,3,"4",132.499037679799,82.0411446181928,"1"
"2","#12-9-16",0,"0",185,33.7249367294131,3,"4",133.544358180616,82.0389447332218,"1"
"2","#12-9-17",0,"0",185,27.0243208455385,3,"4",129.963174809308,86.7098158034048,"1"
"2","#12-9-18",1,"0",185,34.0250162037577,3,"4",132.432430056139,83.7495912003181,"1"
"2","#12-9-19",1,"0",185,23.2981693554689,3,"4",129.768450747337,86.7843651521984,"1"
"2","#12-9-20",0,"0",185,35.6715266803704,3,"4",133.134872102239,91.5213625391043,"1"
"2","#12-9-31",0,"0",183,26.7593592203829,3,"4",132.86105170688,82.5398806446185,"1"
"2","#12-9-32",1,"0",183,29.7768848093437,3,"4",131.782297294084,84.2497469430771,"1"
"2","#12-9-33",0,"0",183,25.5050979066252,3,"4",125.445066217372,87.9410265459417,"1"
"2","#12-9-34",1,"0",183,34.3392305507097,3,"4",129.868722577772,83.254472986039,"1"
"2","#12-9-35",0,"0",183,35.7930200066409,3,"4",129.589673174047,90.002348322084,"1"
"2","#12-9-36",0,"0",168,27.1258657054971,3,"4",131.371922635822,84.4257685960659,"1"
"2","#12-9-37",0,"0",168,29.3186813189829,3,"4",136.381428373003,82.0620542300764,"1"
"2","#12-9-38",0,"0",168,33.477932725731,3,"4",133.682958196969,90.9438711743551,"1"
"2","#12-9-39",0,"0",168,27.2073442415609,3,"4",133.867006827338,81.1661349426917,"1"
"2","#12-9-40",0,"0",168,24.6847396684634,3,"4",129.551249199137,88.5391531339014,"1"
"2","#12-9-51",1,"0",168,33.542648254834,3,"4",131.535832949016,83.8251993731219,"1"
"2","#12-9-52",0,"0",168,26.0954298652271,3,"4",134.85801903345,84.1845973636111,"1"
"2","#12-9-53",0,"0",168,32.3775190719405,3,"4",125.864473339094,90.6778706017313,"1"
"2","#12-9-54",1,"0",168,33.9989653571459,3,"4",135.689761762776,81.3931573373439,"1"
"2","#12-9-55",1,"0",168,36.2532002348396,3,"4",138.006991882648,86.9273734936255,"1"
"2","#12-9-56",0,"0",168,28.381004309307,3,"4",136.591362956615,81.7699918532805,"1"
"2","#12-9-57",0,"0",168,31.1176565372998,3,"4",131.723777145281,89.151199097128,"1"
"2","#12-9-58",0,"0",168,33.6824515062881,3,"4",132.765481669087,89.1261745496002,"1"
"2","#12-9-59",1,"0",168,32.7791283393317,3,"4",128.015599149365,88.1404270750892,"1"
"2","#12-9-60",0,"0",168,37.584325636965,3,"4",134.334856538899,87.6831177090852,"1"
"2","#12-9-64",0,"0",165,34.1085417458078,3,"4",131.447681461385,87.1230316510104,"1"
"2","#12-9-65",1,"0",165,26.6956856346194,3,"4",130.917827138365,91.6734819497206,"1"
"2","#12-9-66",0,"0",165,33.2032436747703,3,"4",128.868724339987,85.2423908987537,"1"
"2","#12-9-67",0,"0",165,33.6195132864494,3,"4",130.502114654607,88.739730173342,"1"
"2","#12-9-68",1,"0",165,34.8026415937849,3,"4",133.661614827962,82.4757690043131,"1"
"2","#12-9-69",0,"0",165,29.2438348154061,3,"4",126.500137211089,91.9273075351838,"1"
"2","#12-9-70",0,"0",165,34.6088175524235,3,"4",128.219553502919,89.0446064372741,"1"
"2","#12-9-71",1,"0",165,31.7442363880527,3,"4",128.249133350494,85.1975141160781,"1"
"2","#12-9-72",0,"0",165,27.9151632142326,3,"4",128.675328164388,88.9367984082535,"1"
"2","#12-9-73",0,"0",165,31.1010089624399,3,"4",131.223559256478,85.074777633728,"1"
"2","#12-9-74",1,"0",143,32.2659934747522,3,"4",131.027651564385,88.4304744701095,"1"
"2","#12-9-75",0,"0",143,29.0917879195965,3,"4",131.638203834496,91.1872257347051,"1"
"2","#12-9-76",0,"0",143,35.7903762616926,3,"4",133.39426137151,91.2834712871135,"1"
"2","#12-9-77",0,"0",143,36.8075506641171,3,"4",131.10845807755,90.9750394898922,"1"
"2","#12-9-78",0,"0",143,31.6364684209309,3,"4",133.929108873629,86.571126283089,"1"
"2","#12-9-80",0,"0",143,25.2958985752867,3,"4",136.112815682433,85.7314169606313,"1"
"4","#67-4-56",1,"1",115,28.8708418657574,3,"5",131.170307438045,87.1632112166591,"1"
"4","#67-4-57",1,"1",115,35.1274652187138,3,"5",132.079680861221,84.4570124481095,"1"
"4","#67-4-58",0,"1",115,28.9983396553292,3,"5",128.673198283588,87.1769001776785,"1"
"4","#67-4-59",1,"1",115,22.7851021137324,3,"5",131.653186018514,84.8574062391087,"1"
"4","#67-4-60",0,"1",115,31.3802247339627,3,"5",134.06497240793,83.0526510276927,"1"
"4","#67-4-61",1,"1",115,31.8496400120647,3,"5",131.500424731141,89.925175160814,"1"
"4","#67-4-62",0,"1",115,34.9660648494679,3,"5",134.01422340757,89.2233401516906,"1"
"4","#67-4-63",0,"1",115,34.4001584831492,3,"5",129.466672768448,86.1448484993011,"1"
"4","#67-4-73",1,"1",116,33.7389880068737,3,"5",135.667833419331,88.3922380554822,"1"
"4","#67-4-74",0,"1",116,26.8004474495246,3,"5",134.246695908598,83.3771805164606,"1"
"4","#67-4-75",1,"1",116,25.5227801117026,3,"5",132.960557335143,87.443132247025,"1"
"4","#67-4-76",1,"1",116,27.5993679815121,3,"5",126.687143238387,88.0659025072722,"1"
"4","#67-4-77",1,"1",116,26.6046194867967,3,"5",132.545386655878,87.0781322661013,"1"
"4","#67-4-78",1,"1",116,32.1378401880024,3,"5",131.076032914987,88.0155336140264,"1"
"4","#67-4-79",1,"1",116,37.4786699060047,3,"5",133.979110275034,84.3977064423518,"1"
"4","#67-4-80",1,"1",116,35.5954409667328,3,"5",132.853948753876,88.5321391354648,"1"
"4","#67-4-81",0,"1",116,34.0168445561708,3,"5",138.422371487253,88.6411136489563,"1"
"4","#67-4-82",1,"1",116,35.4707548982518,3,"5",134.09548197547,92.4460979621607,"1"
"4","#67-4-121",1,"1",109,33.0876185033467,3,"5",129.152996054796,82.7068707458395,"1"
"4","#67-4-122",0,"1",109,35.2030333016774,3,"5",134.75171096497,87.3287030264314,"1"
"4","#67-4-123",1,"1",109,34.3222716800128,3,"5",129.141051956735,84.6886478647113,"1"
"4","#67-4-124",0,"1",109,25.8693333260861,3,"5",137.209663996968,82.264958004706,"1"
"4","#67-4-125",0,"1",109,27.4951824137833,3,"5",137.859422801129,88.6646987140875,"1"
"4","#67-4-126",1,"1",109,28.2146781220165,3,"5",134.930485673183,85.3578495162019,"1"
"4","#67-4-127",0,"1",109,28.6322859140442,3,"5",127.211502029738,91.5440437882016,"1"
"4","#67-4-128",0,"1",109,33.2134612046951,3,"5",137.210960735323,80.830800358282,"1"
"4","#67-4-129",1,"1",109,28.9091303220403,3,"5",134.713368771593,83.0281507033244,"1"
"4","#67-4-130",0,"1",119,25.6207590644868,4,"5",145.573787965676,85.1458168226729,"1"
"4","#67-4-131",1,"1",119,34.2172203354232,4,"5",141.764694239599,88.7562468503987,"1"
"4","#67-4-132",1,"1",119,32.5931702626921,4,"5",139.443302977769,88.2050005697714,"1"
"4","#67-4-133",0,"1",119,34.1740229760662,4,"5",143.985646406203,85.1446134981918,"1"
"4","#67-4-134",0,"1",119,37.378018553083,4,"5",130.894867105585,88.4427307241515,"1"
"4","#67-4-135",1,"1",119,34.5863511643716,4,"5",137.206986626925,94.2930966112769,"1"
"4","#67-4-136",1,"1",119,28.8974473232592,4,"5",140.919616238231,89.1614659291849,"1"
"4","#67-4-137",1,"1",119,25.5767217584081,4,"5",141.664835661427,83.2970485075934,"1"
"4","#67-3-7",1,"1",116,32.2693897208875,4,"5",134.892122409905,88.8586815785949,"1"
"4","#67-3-8",0,"1",116,26.3563478775622,4,"5",138.828626894851,89.9200445964671,"1"
"4","#67-3-9",1,"1",116,33.7479213706242,4,"5",137.639480685181,87.3803566466446,"1"
"4","#67-3-10",1,"1",116,30.2381093774274,4,"5",135.638148433263,89.6918007868621,"1"
"4","#67-2-27",1,"1",110,28.4596613725909,4,"5",140.195133787352,90.9547411219632,"1"
"4","#67-2-28",1,"1",113,25.9024272433582,4,"5",142.302970466198,84.5087501890447,"1"
"4","#67-2-29",1,"1",113,33.9372795564068,4,"5",137.182818322618,87.2134112093456,"1"
"4","#67-2-30",1,"1",113,36.4204391082094,4,"5",139.225163441763,86.5881935441006,"1"
"4","#67-2-52",1,"1",116,36.9387750923353,4,"5",136.082086517863,86.5537609396157,"1"
"4","#67-2-53",0,"1",116,27.8301813754402,4,"5",137.502271674422,89.3653276655746,"1"
"4","#67-2-54",1,"1",116,37.2635043036306,4,"5",138.837462015573,85.6218866756089,"1"
"4","#67-2-55",1,"1",116,30.9209465485704,4,"5",144.53728254877,86.6612984903013,"1"
"4","#67-4-68",0,"1",116,25.9748213043121,4,"5",137.178210277339,89.2583960441641,"1"
"4","#67-4-69",0,"1",116,32.8284030581347,4,"5",142.813283042092,84.5122888401947,"1"
"4","#67-4-70",1,"1",116,31.4970806252118,4,"5",148.379750945735,82.2147404674493,"1"
"4","#67-2-101",1,"0",115,36.0537471840683,4,"5",143.30845522285,88.5388418241037,"1"
"4","#67-2-102",0,"0",115,32.0150302732242,4,"5",139.682833368062,86.8321813335961,"1"
"4","#67-2-103",0,"0",115,35.6360532915893,4,"5",143.548113758611,86.8503141452412,"1"
"4","#67-2-104",0,"0",115,24.3325378785155,4,"5",136.963530108427,88.2994165503211,"1"
"4","#67-2-105",1,"0",115,28.3025892806132,4,"5",140.067687805238,93.8972074026796,"1"
"4","#67-2-106",0,"0",115,35.4275641573225,4,"5",138.54417359388,91.7514692815541,"1"
"4","#67-2-107",0,"0",115,33.8643022359479,4,"5",138.000194816859,91.2406614151986,"1"
"4","#67-2-108",0,"0",115,29.4234251522467,4,"5",143.100549719274,88.3725764506195,"1"
"4","#67-2-109",1,"0",115,26.4729662624162,4,"5",139.41359270031,87.6176288013382,"1"
"4","#67-2-110",1,"0",115,34.3296787379802,4,"5",143.586995996378,87.1267406828946,"1"
"4","#67-3-111",1,"0",119,25.519669664971,4,"5",141.831952016063,88.7037788248609,"1"
"4","#67-3-112",0,"0",119,25.2282046741416,4,"5",143.447076365268,88.0783682190668,"1"
"4","#67-3-113",0,"0",119,29.151601011045,4,"5",142.445055159654,87.0477273082818,"1"
"4","#67-3-114",0,"0",119,32.1684713316461,4,"5",137.456699580809,89.9557094247238,"1"
"4","#67-3-115",1,"0",119,27.3355380086348,4,"5",141.016943852688,88.2631874200842,"1"
"4","#67-3-118",0,"0",119,27.4060920351021,4,"5",142.537828823522,86.5126517265125,"1"
"4","#67-3-119",1,"0",119,28.4081744548175,4,"5",138.781937583324,87.7665178972661,"1"
"4","#67-3-120",1,"0",119,32.5569397969088,4,"5",145.300018340891,84.0294469944808,"1"
"4","#67-4-152",1,"0",108,32.9408375256403,4,"5",136.166309149742,95.3781070565867,"1"
"4","#67-4-153",0,"0",108,36.6331248813678,4,"5",138.575839268779,90.0592362774617,"1"
"4","#67-4-154",0,"0",108,28.2794166849002,4,"5",143.406737890328,86.9996072197804,"1"
"4","#67-4-155",0,"0",108,33.5581154509035,4,"5",140.74310649291,88.0771748882775,"1"
"4","#67-3-1",1,"0",115,31.7015022151165,4,"5",136.963818506281,88.3620872057386,"1"
"4","#67-3-2",0,"0",115,33.5298036324642,4,"5",139.171619454893,93.8809048048643,"1"
"4","#67-3-3",0,"0",115,35.3066334444033,4,"5",136.813437636739,94.4794166918488,"1"
"4","#67-3-4",1,"0",115,32.1471781042043,4,"5",136.55809120605,86.6022252731244,"1"
"4","#67-3-5",0,"0",115,32.1165674367562,4,"5",145.405819164868,82.0084440684708,"1"
"4","#67-3-6",0,"0",115,33.7083071686523,4,"5",141.319897385209,90.0029205270659,"1"
"4","#67-3-71",1,"0",118,38.2984642326838,4,"5",142.139995009155,83.4427244720678,"1"
"4","#67-4-12",1,"0",115,26.9219823893116,4,"5",145.14939888252,84.7325029253206,"1"
"4","#67-4-13",1,"0",115,32.2758810130823,4,"5",136.439556231726,91.1472614319923,"1"
"4","#67-2-20",1,"0",115,25.3717456419625,4,"5",138.224455541323,91.7576896381112,"1"
"4","#67-2-21",0,"0",115,31.6560489118906,4,"5",135.228929888003,88.3261338958691,"1"
"4","#67-2-22",0,"0",115,26.2277840639125,4,"5",143.246619824713,89.0875425281095,"1"
"4","#67-2-23",1,"0",115,26.3940489255718,4,"5",136.595135174014,84.6692361574267,"1"
"4","#67-2-24",0,"0",115,26.3921978124276,4,"5",138.234142788508,84.6495543081729,"1"
"4","#67-2-25",0,"0",115,22.0052086867152,4,"5",142.467811572872,84.9019330781086,"1"
"4","#67-2-26",1,"0",115,30.2926539839822,4,"5",137.733535672416,92.7094936338718,"1"
"4","#67-2-31",0,"0",113,34.3142840947004,4,"5",137.604937114809,87.4736035329926,"1"
"4","#67-2-32",0,"0",113,32.3265054555187,4,"5",138.118496707817,85.114354835435,"1"
"4","#67-4-33",1,"0",115,32.4606312386953,4,"5",141.872646340767,85.4465062061459,"1"
"4","#67-4-34",1,"0",115,24.3905028536146,4,"5",133.670593820687,96.0647021605742,"1"
"4","#67-4-35",0,"0",115,32.7729073817604,4,"5",142.921365080619,88.2474231947614,"1"
"4","#67-4-36",1,"0",115,34.5778709738634,4,"5",140.679587495071,86.3251287299453,"1"
"4","#67-4-37",0,"0",115,33.1482114801991,4,"5",137.884317087861,90.9407590645591,"1"
"4","#67-4-38",0,"0",115,24.412976936745,4,"5",142.265943416384,92.1106082600226,"1"
"4","#67-4-39",0,"0",115,27.0580986157765,4,"5",140.192655272316,91.6275950327507,"1"
"4","#67-4-40",1,"0",115,33.1575161895237,4,"5",145.436036876101,82.9123584341903,"1"
"4","#67-4-41",0,"0",115,33.231435836988,4,"5",135.507145290711,87.4429006328486,"1"
"4","#67-4-42",0,"0",115,31.1894336456375,4,"5",135.780607739219,92.2048070024281,"1"
"4","#67-4-64",0,"0",120,34.3459034249849,4,"5",137.589058331851,87.4663384998134,"1"
"4","#67-4-65",0,"0",120,32.4129868697209,4,"5",137.563114394918,88.1302043546706,"1"
"4","#67-4-66",0,"0",120,31.2318951491164,4,"5",138.696343002886,91.1150847257506,"1"
"4","#67-4-67",0,"0",120,26.4911121500983,4,"5",143.263474832315,83.6497498733438,"1"
"4","#84-35-93",0,"1",113,28.069898236138,4,"6",139.688163848351,87.0988430890594,"1"
"4","#84-35-94",0,"1",113,33.7218160178621,4,"6",143.637800912471,87.7892429617097,"1"
"4","#84-35-96",1,"1",113,25.2832599896844,4,"6",142.102145690624,87.3831225114404,"1"
"4","#84-35-97",0,"1",113,32.413718452353,4,"6",137.500822819465,88.4964494186859,"1"
"4","#84-35-98",0,"1",113,32.6714678014838,4,"6",137.243683050647,92.3517854989016,"1"
"4","#84-35-99",0,"1",113,37.4212729648944,4,"6",141.543263354428,86.3445320907958,"1"
"4","#84-35-100",0,"1",113,30.3922342063545,4,"6",136.097476867069,92.6285097974674,"1"
"4","#84-35-138",1,"1",116,26.9948056381796,4,"6",139.87126666534,85.6846562763696,"1"
"4","#84-35-139",0,"1",116,34.5002439843829,4,"6",142.423156484143,90.9207526963504,"1"
"4","#84-35-140",1,"1",116,25.7682572675446,4,"6",141.4051736904,86.4387218534471,"1"
"4","#84-35-141",1,"1",116,34.0697578461285,4,"6",143.743698485805,84.8277129003968,"1"
"4","#84-35-142",1,"1",116,34.3469656253655,4,"6",133.025144926095,91.8028630093511,"1"
"4","#84-35-143",1,"1",116,31.5857486495015,4,"6",141.774542792676,89.4163166148974,"1"
"4","#84-35-144",1,"1",116,28.4469883593645,4,"6",138.918189491821,85.8868967307942,"1"
"4","#84-35-145",0,"1",120,36.5368975365691,4,"6",140.814721536285,94.7279563088455,"1"
"4","#84-35-146",0,"1",120,24.8002209487163,4,"6",137.334726543775,92.2190019737904,"1"
"4","#84-35-147",1,"1",120,35.2433926677976,4,"6",134.25768566287,87.4948528121686,"1"
"4","#84-35-148",0,"1",120,28.8351436683566,4,"6",139.725365889539,86.8748769185658,"1"
"4","#84-35-149",1,"1",117,26.2708389933602,4,"6",143.17558821444,84.3570846218468,"1"
"4","#84-35-150",0,"1",120,27.572497019314,4,"6",138.479924528154,85.7077352809127,"1"
"4","#84-35-151",0,"1",120,35.6014205755982,4,"6",140.985812246384,88.1285047736986,"1"
"4","#84-35-160",1,"1",102,24.4980462284853,4,"6",145.360493860448,78.8649451784276,"1"
"4","#84-35-161",0,"1",102,25.4445166839837,4,"6",140.377866364987,87.5932109335439,"1"
"4","#84-35-162",1,"1",102,32.3441142196404,4,"6",136.941657755606,84.973942605261,"1"
"4","#84-35-152",1,"0",101,34.2170422072843,4,"6",142.304209883022,88.1247876477515,"1"
"4","#84-35-153",1,"0",101,32.9324603273273,4,"6",135.906589654036,93.4022957178851,"1"
"4","#84-35-154",1,"0",101,28.620981659758,4,"6",142.104061337224,85.0936552394125,"1"
"4","#84-35-155",0,"0",101,27.311948622695,4,"6",143.344668643484,81.0893168623758,"1"
"4","#84-35-156",0,"0",101,29.5676843726939,4,"6",143.658462494042,82.7656448970502,"1"
"4","#84-35-157",1,"0",101,33.6654530488276,4,"6",140.882685251227,86.1401390565037,"1"
"4","#84-35-158",1,"0",101,28.3808061674762,4,"6",144.845431633161,92.5820360221569,"1"
"4","#84-35-159",1,"0",101,26.1523236214765,4,"6",140.946936643233,90.0048699898752,"1"
"4","#84-35-15",0,"0",112,25.8225719113399,4,"6",144.616861208185,86.3541324797381,"1"
"4","#84-35-16",1,"0",112,35.0611800788797,4,"6",142.488355140176,88.3850589537063,"1"
"4","#84-35-17",0,"0",112,32.8786989827973,4,"6",143.287499880389,87.0082885006961,"1"
"4","#84-35-18",1,"0",112,28.3954110740869,4,"6",142.484224948769,82.2068426944962,"1"
"4","#84-35-19",1,"0",112,30.4115406841882,4,"6",140.81278586116,86.6896251191071,"1"
"4","#84-35-43",1,"0",116,29.2045573819003,4,"6",143.762116922235,89.2168201813678,"1"
"4","#84-35-44",0,"0",116,36.041445793124,4,"6",138.003998693677,85.4144665267567,"1"
"4","#84-35-45",0,"0",116,32.513742676885,4,"6",135.544025672383,94.261741663421,"1"
"4","#84-35-46",1,"0",116,25.0352456018324,4,"6",140.600284045017,83.0884041095946,"1"
"4","#84-35-47",1,"0",116,31.5895351009311,4,"6",141.689493252562,89.8244413918984,"1"
"4","#84-35-48",0,"0",116,27.5063597287276,4,"6",135.900074164986,90.5249951981084,"1"
"4","#84-35-49",0,"0",116,33.6125202623706,4,"6",136.214861935849,91.2913886252311,"1"
"4","#84-35-50",1,"0",116,28.9290747977822,4,"6",137.059513949229,86.7999497431607,"1"
"4","#84-35-51",0,"0",116,25.6089890905731,4,"6",135.92254318141,88.9686408812463,"1"
"4","#84-35-72",1,"0",119,25.9019906427169,4,"6",141.283591947247,90.6304415408653,"1"
"4","#84-35-84",1,"0",120,28.4688066218694,4,"6",142.29988433669,84.7743061873578,"1"
"4","#84-35-85",1,"0",120,24.900305864346,4,"6",137.428803123751,86.068854853244,"1"
"4","#84-35-86",0,"0",120,32.9304713604268,4,"6",134.884886210952,90.4558711715088,"1"
"4","#84-35-87",0,"0",120,27.1696155792705,4,"6",139.133380881977,87.4192610798953,"1"
"4","#84-35-88",0,"0",120,36.0778667122089,4,"6",138.923136537477,87.6479129958398,"1"
"4","#84-35-89",0,"0",120,33.1417578608481,4,"6",141.128856937059,87.0573108755319,"1"
"4","#84-35-90",1,"0",120,26.4247620728544,4,"6",140.165116447738,89.3959692527092,"1"
"4","#84-35-91",0,"0",120,24.5469938814237,4,"6",141.023103326012,85.4636328773092,"1"
"4","#84-35-92",0,"0",120,32.9484850371789,4,"6",143.56841713199,87.6559361729731,"1"
